2g1c,
2girls1cup,
acrotomophilia,
alabamahotpocket,
alaskanpipeline,
anal,
anilingus,
anus,
apeshit,
arsehole,
ass,mass
ass,bass
asshole,
assmunch,
autoerotic,
autoerotic,
babeland,
babybatter,
babyjuice,
ballgag,
ballgravy,
ballkicking,
balllicking,
ballsack,
ballsucking,
bangbros,
bareback,
barelylegal,
barenaked,
bastard,
bastardo,
bastinado,
beaner,
beaners,
beavercleaver,
beaverlips,
bestiality,
bigblack,
bigbreasts,
bigknockers,
bigtits,
bimbos,
birdlock,
bitches,
blackcock,
blondeaction,
blondeonblondeaction,
blowjob,
blowjob,
blowyourload,
bluewaffle,
blumpkin,
bollocks,
bondage,
boner,
boob,
boobs,
bootycall,
brownshowers,
brunetteaction,
bukkake,
bulldyke,
bulletvibe,
bullshit,
bunghole,
bunghole,
busty,
buttcheeks,
butthole,
cameltoe,
camgirl,
camslut,
camwhore,
carpetmuncher,
carpetmuncher,
chocolaterosebuds,
circlejerk,
clevelandsteamer,
clitoris,
cloverclamps,
clusterfuck,
cock,
cocks,
coprolagnia,
coprophilia,
cornhole,
coon,
coons,
creampie,
cumming,
cunnilingus,
cunt,
darkie,
daterape,
daterape,
deepthroat,
deepthroat,
dendrophilia,
dildo,
dingleberry,
dingleberries,
dirtypillows,
dirtysanchez,
doggiestyle,
doggiestyle,
doggystyle,
doggystyle,
dogstyle,
dolcett,
domination,
dominatrix,
dommes,
donkeypunch,
doubledong,
doublepenetration,
dpaction,
dryhump,
eatmyass,
ecchi,
ejaculation,
erotic,
erotism,
escort,
eunuch,
faggot,
fecal,
fellatio,
feltch,
femalesquirting,
femdom,
figging,
fingerbang,
fingering,
fisting,
footfetish,
footjob,
frotting,
fuck,
fuckbuttons,
fuckin,
fucking,
fucktards,
fudgepacker,
fudgepacker,
futanari,
gangbang,
gaysex,
genitals,
giantcock,
girlontop,
girlsgonewild,
goatcx,
goatse,
goddamn,
gokkun,
goldenshower,
goodpoop,
googirl,
goregasm,
grope,
groupsex,
gspot,
handjob,
handjob,
hardcore,
hardcore,
hentai,
homoerotic,
honkey,
hooker,
hotcarl,
hotchick,
howtokill,
howtomurder,
hugefat,
humping,
incest,
intercourse,
jackoff,
jailbait,
jailbait,
jellydonut,
jerkoff,
jigaboo,
jiggaboo,
jiggerboo,
jizz,
juggs,
kike,
kinbaku,
kinkster,
kinky,
knobbing,
leatherrestraint,
leatherstraightjacket,
lemonparty,
lolita,
lovemaking,
makemecome,
malesquirting,
masturbate,
menageatrois,
milf,
missionaryposition,
motherfucker,
moundofvenus,
mrhands,
muffdiver,
muffdiving,
nambla,
nawashi,
negro,
neonazi,
nigga,
nigger,
nignog,
nimphomania,
nipple,
nipples,
nsfwimages,
nude,
nudity,
nympho,
nymphomania,
octopussy,
omorashi,
onecuptwogirls,
oneguyonejar,
orgasm,
orgy,
paedophile,
paki,pakistan
panties,
panty,
pedobear,
pedophile,
pegging,
penis,
phonesex,
pieceofshit,
pissing,
pisspig,
pisspig,
playboy,
pleasurechest,
polesmoker,
ponyplay,
poontang,
punany,
poopchute,
poopchute,
porn,
porno,
pornography,
princealbertpiercing,
pubes,
pussy,
queaf,
queef,
quim,
raghead,
ragingboner,
raping,
rapist,
rectum,
reversecowgirl,
rimjob,
rimming,
rosypalm,
rosypalmandher5sisters,
rustytrombone,
sadism,
santorum,
schlong,
scissoring,
semen,
shavedbeaver,
shavedpussy,
shemale,
shibari,
shit,
shitblimp,
shitty,
shota,
shrimping,
skeet,
slanteye,
slut,
s&m,
smut,
snatch,
snowballing,
sodomize,
sodomy,
splooge,
sploogemoose,
spooge,
spreadlegs,
spunk,
strapon,
strapon,
strappado,
stripclub,
styledoggy,
suck,
sucks,
suicidegirls,
sultrywomen,
swastika,
swinger,
taintedlove,
tastemy,
teabagging,
threesome,
throating,
tiedup,
tightwhite,
tits,
titties,
titty,
tongueina,
topless,
tosser,
towelhead,
tranny,
tribadism,
tubgirl,
tubgirl,
tushy,
twat,
twink,
twinkie,
twogirlsonecup,
undressing,
upskirt,
urethraplay,
urophilia,
vagina,
venusmound,
vibrator,
violetwand,
vorarephilia,
voyeur,
vulva,
wank,
wetback,
wetdream,
whitepower,
wrappingmen,
wrinkledstarfish,
yaoi,
yellowshowers,
yiffy,
zoophilia,